{
  "lang":"en",
  "name":"pipeline",
  "version":"0.0.0",
  "spacy_version":">=3.7.2,<3.8.0",
  "description":"",
  "author":"",
  "email":"",
  "url":"",
  "license":"",
  "spacy_git_version":"a89eae928",
  "vectors":{
    "width":0,
    "vectors":0,
    "keys":0,
    "name":null,
    "mode":"default"
  },
  "labels":{
    "tok2vec":[

    ],
    "ner":[
      "DATE",
      "DIST",
      "FATHERNAME",
      "IMEI",
      "LAT",
      "LOCATION",
      "LONG",
      "NAME",
      "ORG",
      "PHONE",
      "PS"
    ]
  },
  "pipeline":[
    "tok2vec",
    "ner"
  ],
  "components":[
    "tok2vec",
    "ner"
  ],
  "disabled":[

  ],
  "performance":{
    "ents_f":0.9903846154,
    "ents_p":0.980952381,
    "ents_r":1.0,
    "ents_per_type":{
      "NAME":{
        "p":1.0,
        "r":1.0,
        "f":1.0
      },
      "DATE":{
        "p":1.0,
        "r":1.0,
        "f":1.0
      },
      "LOCATION":{
        "p":1.0,
        "r":1.0,
        "f":1.0
      },
      "PHONE":{
        "p":1.0,
        "r":1.0,
        "f":1.0
      },
      "ORG":{
        "p":1.0,
        "r":1.0,
        "f":1.0
      },
      "PS":{
        "p":1.0,
        "r":1.0,
        "f":1.0
      },
      "LAT":{
        "p":0.9411764706,
        "r":1.0,
        "f":0.9696969697
      },
      "LONG":{
        "p":0.9285714286,
        "r":1.0,
        "f":0.962962963
      },
      "IMEI":{
        "p":1.0,
        "r":1.0,
        "f":1.0
      },
      "FATHERNAME":{
        "p":1.0,
        "r":1.0,
        "f":1.0
      },
      "DIST":{
        "p":1.0,
        "r":1.0,
        "f":1.0
      }
    },
    "tok2vec_loss":83.4350468946,
    "ner_loss":224.5464350077
  }
}