{
  "lang":"en",
  "name":"pipeline",
  "version":"0.0.0",
  "spacy_version":">=3.7.2,<3.8.0",
  "description":"",
  "author":"",
  "email":"",
  "url":"",
  "license":"",
  "spacy_git_version":"a89eae928",
  "vectors":{
    "width":0,
    "vectors":0,
    "keys":0,
    "name":null,
    "mode":"default"
  },
  "labels":{
    "tok2vec":[

    ],
    "ner":[
      "DATE",
      "DIST",
      "FATHERNAME",
      "IMEI",
      "LAT",
      "LOCATION",
      "LONG",
      "NAME",
      "ORG",
      "PHONE",
      "PS"
    ]
  },
  "pipeline":[
    "tok2vec",
    "ner"
  ],
  "components":[
    "tok2vec",
    "ner"
  ],
  "disabled":[

  ],
  "performance":{
    "ents_f":0.9901960784,
    "ents_p":1.0,
    "ents_r":0.9805825243,
    "ents_per_type":{
      "NAME":{
        "p":1.0,
        "r":1.0,
        "f":1.0
      },
      "DATE":{
        "p":1.0,
        "r":1.0,
        "f":1.0
      },
      "LOCATION":{
        "p":1.0,
        "r":1.0,
        "f":1.0
      },
      "PHONE":{
        "p":1.0,
        "r":1.0,
        "f":1.0
      },
      "ORG":{
        "p":1.0,
        "r":1.0,
        "f":1.0
      },
      "PS":{
        "p":1.0,
        "r":1.0,
        "f":1.0
      },
      "LAT":{
        "p":1.0,
        "r":0.9375,
        "f":0.9677419355
      },
      "LONG":{
        "p":1.0,
        "r":0.9230769231,
        "f":0.96
      },
      "IMEI":{
        "p":1.0,
        "r":1.0,
        "f":1.0
      },
      "FATHERNAME":{
        "p":1.0,
        "r":1.0,
        "f":1.0
      },
      "DIST":{
        "p":1.0,
        "r":1.0,
        "f":1.0
      }
    },
    "tok2vec_loss":76.2847162002,
    "ner_loss":254.0716061634
  }
}